-- phpMyAdmin SQL Dump
-- version 5.2.1
-- https://www.phpmyadmin.net/
--
-- Host: 127.0.0.1
-- Generation Time: May 27, 2025 at 04:20 PM
-- Server version: 10.4.32-MariaDB
-- PHP Version: 8.0.30

SET SQL_MODE = "NO_AUTO_VALUE_ON_ZERO";
START TRANSACTION;
SET time_zone = "+00:00";


/*!40101 SET @OLD_CHARACTER_SET_CLIENT=@@CHARACTER_SET_CLIENT */;
/*!40101 SET @OLD_CHARACTER_SET_RESULTS=@@CHARACTER_SET_RESULTS */;
/*!40101 SET @OLD_COLLATION_CONNECTION=@@COLLATION_CONNECTION */;
/*!40101 SET NAMES utf8mb4 */;

--
-- Database: `dw_kel 3`
--

-- --------------------------------------------------------

--
-- Table structure for table `dim_dokter`
--

CREATE TABLE `dim_dokter` (
  `id_dokter` int(11) NOT NULL,
  `nama_dokter` varchar(100) DEFAULT NULL,
  `spesialisasi` varchar(100) DEFAULT NULL,
  `nomor_telepon` varchar(20) DEFAULT NULL
) ENGINE=InnoDB DEFAULT CHARSET=utf8mb4 COLLATE=utf8mb4_general_ci;

--
-- Dumping data for table `dim_dokter`
--

INSERT INTO `dim_dokter` (`id_dokter`, `nama_dokter`, `spesialisasi`, `nomor_telepon`) VALUES
(0, 'nama_dokter', 'spesialisasi', 'nomor_telepon'),
(1, 'Dalimin Prasetya', 'Pediatri', '81242256692'),
(2, 'Jaiman Yuniar', 'Umum', '81235989270'),
(3, 'Nasrullah Hakim', 'Bedah', '81274600028'),
(4, 'Ivan Fujiati', 'Dermatologi', '81268693409'),
(5, 'Estiawan Sitorus', 'Bedah', '81217340368'),
(6, 'Restu Maheswara', 'Bedah', '81223779309'),
(7, 'Jindra Prastuti', 'Dermatologi', '81298129479'),
(8, 'Jasmin Sihotang', 'Gigi', '81281331471'),
(9, 'Jayeng Natsir', 'Pediatri', '81282056811'),
(10, 'Catur Hakim', 'Umum', '81215699847'),
(11, 'Eka Gunawan', 'Gigi', '81227194985'),
(12, 'Wisnu Sirait', 'Pediatri', '81261795361'),
(13, 'Nalar Sudiati', 'Bedah', '81297200683'),
(14, 'Kala Nainggolan', 'Kardiologi', '81265669984'),
(15, 'Lutfan Nainggolan', 'Bedah', '81241226686'),
(16, 'Candra Purnawati', 'Bedah', '81210922822'),
(17, 'Prima Rahmawati', 'Dermatologi', '81255931513'),
(18, 'Hamzah Mansur', 'Dermatologi', '81287975731'),
(19, 'Ikhsan Aryani', 'Kardiologi', '81286598253'),
(20, 'Cantika Pertiwi', 'Dermatologi', '81230200892');

-- --------------------------------------------------------

--
-- Table structure for table `dim_obat`
--

CREATE TABLE `dim_obat` (
  `kode_obat` varchar(50) NOT NULL,
  `nama_obat` varchar(100) DEFAULT NULL,
  `harga_per_satuan` decimal(10,2) DEFAULT NULL
) ENGINE=InnoDB DEFAULT CHARSET=utf8mb4 COLLATE=utf8mb4_general_ci;

--
-- Dumping data for table `dim_obat`
--

INSERT INTO `dim_obat` (`kode_obat`, `nama_obat`, `harga_per_satuan`) VALUES
('kode_obat', 'nama_obat', 0.00),
('O001', 'Antasida', 3500.00),
('O002', 'Ibuprofen', 4000.00),
('O003', 'Paracetamol', 3000.00),
('O004', 'Vitamin C', 12000.00),
('O005', 'Paracetamol', 3000.00),
('O006', 'Ibuprofen', 4000.00),
('O007', 'Paracetamol', 3000.00),
('O008', 'Antasida', 3500.00),
('O009', 'Paracetamol', 3000.00),
('O010', 'Paracetamol', 3000.00),
('O011', 'Ibuprofen', 4000.00),
('O012', 'Ibuprofen', 4000.00),
('O013', 'Ibuprofen', 4000.00),
('O014', 'Paracetamol', 3000.00),
('O015', 'Antasida', 3500.00),
('O016', 'Antasida', 3500.00),
('O017', 'Salbutamol', 25000.00),
('O018', 'Paracetamol', 3000.00),
('O019', 'Paracetamol', 3000.00),
('O020', 'Antasida', 3500.00);

-- --------------------------------------------------------

--
-- Table structure for table `dim_pasien`
--

CREATE TABLE `dim_pasien` (
  `id_pasien` int(11) NOT NULL,
  `nama_pasien` varchar(100) DEFAULT NULL,
  `alamat` text DEFAULT NULL,
  `tanggal_lahir` date DEFAULT NULL,
  `jenis_kelamin` varchar(10) DEFAULT NULL,
  `nomor_telepon` varchar(20) DEFAULT NULL
) ENGINE=InnoDB DEFAULT CHARSET=utf8mb4 COLLATE=utf8mb4_general_ci;

--
-- Dumping data for table `dim_pasien`
--

INSERT INTO `dim_pasien` (`id_pasien`, `nama_pasien`, `alamat`, `tanggal_lahir`, `jenis_kelamin`, `nomor_telepon`) VALUES
(0, 'nama_pasien', 'alamat', NULL, 'jenis_kela', 'nomor_telepon'),
(1, 'Titin Sudiati', 'Gg. Abdul Muis No. 470', '1968-05-16', 'L', '81242525434'),
(2, 'Hamzah Saputra', 'Gang M.H Thamrin No. 5', '2021-08-11', 'L', '81201381509'),
(3, 'Opan Situmorang', 'Jalan Asia Afrika No. 17', '1995-06-16', 'L', '81284085387'),
(4, 'Kurnia Hutasoit', 'Gg. Raya Ujungberung No. 02', '1940-11-15', 'P', '81258522775'),
(5, 'Shakila Riyanti', 'Jl. Merdeka No. 4', '2017-05-05', 'L', '81231668334'),
(6, 'Saadat Purwanti', 'Gang Kutai No. 48', '2015-05-31', 'P', '81218152448'),
(7, 'Muni Halim', 'Gg. Rajawali Timur No. 37', '1974-09-21', 'L', '81286022348'),
(8, 'Icha Sudiati', 'Gg. K.H. Wahid Hasyim No. 40', '1978-03-27', 'L', '81244861152'),
(9, 'Rizki Dabukke', 'Gang Waringin No. 411', '1975-07-14', 'L', '81202341793'),
(10, 'Kenes Kurniawan', 'Gg. Tubagus Ismail No. 703', '1934-11-18', 'L', '81209818677'),
(11, 'Karma Sudiati', 'Gg. Sukajadi No. 015', '1980-06-14', 'L', '81283856239'),
(12, 'Omar Budiman', 'Gg. Moch. Toha No. 1', '1947-03-19', 'P', '81278023941'),
(13, 'Heru Laksita', 'Jalan Cihampelas No. 13', '1972-05-10', 'P', '81238304477'),
(14, 'Kajen Halim', 'Jl. Jamika No. 757', '1993-03-20', 'P', '81293265837'),
(15, 'Reksa Hutagalung', 'Jl. Gardujati No. 10', '1990-02-02', 'P', '81256448360'),
(16, 'Genta Prasasta', 'Jalan Ir. H. Djuanda No. 38', '1985-08-04', 'P', '81279742445'),
(17, 'Gangsa Gunarto', 'Gg. Peta No. 87', '1972-10-22', 'P', '81243942698'),
(18, 'Rizki Nainggolan', 'Gg. Sentot Alibasa No. 213', '1943-04-24', 'L', '81211329558'),
(19, 'Lanang Pratama', 'Jl. Monginsidi No. 4', '1989-05-11', 'P', '81248908768'),
(20, 'Yuliana Hidayat', 'Jl. M.T Haryono No. 309', '1964-10-27', 'L', '81270073530'),
(21, 'Gasti Maryadi', 'Jalan Kutisari Selatan No. 95', '1974-05-22', 'P', '81276841649'),
(22, 'Luhung Utama', 'Jl. Kendalsari No. 95', '1990-05-18', 'L', '81233750306'),
(23, 'Belinda Mangunsong', 'Jalan M.T Haryono No. 248', '1965-01-27', 'P', '81288179126'),
(24, 'Edi Sihotang', 'Gg. Joyoboyo No. 69', '1957-09-04', 'P', '81234655997'),
(25, 'Prayogo Ramadan', 'Jl. Raya Ujungberung No. 2', '2006-01-24', 'L', '81233600089'),
(26, 'Gatra Sudiati', 'Jalan Abdul Muis No. 7', '1951-12-06', 'P', '81223086550'),
(27, 'Padmi Fujiati', 'Jl. Pasteur No. 37', '1965-05-22', 'P', '81274474356'),
(28, 'Carub Siregar', 'Jl. R.E Martadinata No. 10', '1992-03-04', 'L', '81228992980'),
(29, 'Bagiya Pradipta', 'Jl. KH Amin Jasuta No. 38', '1958-10-06', 'L', '81241651247'),
(30, 'Clara Kuswandari', 'Jl. Sukajadi No. 721', '1955-04-14', 'L', '81218814626'),
(31, 'Digdaya Hartati', 'Gg. Gegerkalong Hilir No. 805', '2006-10-19', 'L', '81267207768'),
(32, 'Rangga Putra', 'Jl. Gedebage Selatan No. 543', '1991-02-13', 'L', '81278527520'),
(33, 'Warji Uyainah', 'Jl. Gedebage Selatan No. 356', '1950-05-27', 'P', '81227352409'),
(34, 'Irma Rajasa', 'Gang Kutai No. 774', '1995-12-18', 'P', '81262184518'),
(35, 'Gatra Jailani', 'Jl. Waringin No. 53', '1994-01-01', 'P', '81297256087'),
(36, 'Marwata Hariyah', 'Jl. Monginsidi No. 5', '1974-06-27', 'P', '81210460848'),
(37, 'Irwan Putra', 'Jl. Kiaracondong No. 73', '1949-11-06', 'P', '81287128657'),
(38, 'Tugiman Salahudin', 'Gang Ahmad Dahlan No. 48', '1993-10-20', 'L', '81297669482'),
(39, 'Clara Nainggolan', 'Jl. Siliwangi No. 788', '1958-06-30', 'P', '81215268248'),
(40, 'Lulut Zulaika', 'Gang Gedebage Selatan No. 16', '2013-11-19', 'L', '81286518262'),
(41, 'Jamalia Prasetyo', 'Jalan Merdeka No. 4', '2006-03-22', 'P', '81253362455'),
(42, 'Eka Namaga', 'Jalan Wonoayu No. 6', '1990-03-13', 'P', '81277780402'),
(43, 'Nyana Damanik', 'Jl. BKR No. 511', '1979-05-23', 'L', '81251646074'),
(44, 'Vivi Prasasta', 'Gg. Rungkut Industri No. 84', '2004-10-26', 'L', '81253980204'),
(45, 'Kariman Winarno', 'Jalan Monginsidi No. 92', '1963-12-22', 'P', '81212229378'),
(46, 'Eka Irawan', 'Gang Abdul Muis No. 2', '2000-01-20', 'P', '81259251959'),
(47, 'Puput Damanik', 'Jl. Indragiri No. 28', '1939-09-16', 'L', '81235039621'),
(48, 'Lutfan Natsir', 'Gang Rajawali Timur No. 296', '1971-09-03', 'L', '81235344893'),
(49, 'Ridwan Handayani', 'Jl. Pasirkoja No. 58', '1944-09-15', 'P', '81298271944'),
(50, 'Slamet Mardhiyah', 'Jalan BKR No. 316', '1950-07-11', 'L', '81254554069'),
(51, 'Irnanto Narpati', 'Gang Ahmad Yani No. 55', '2011-03-02', 'P', '81225233305'),
(52, 'Fitria Zulkarnain', 'Gg. Setiabudhi No. 503', '1974-05-08', 'P', '81258349025'),
(53, 'Malika Laksita', 'Jl. Abdul Muis No. 98', '2012-11-14', 'P', '81202940354'),
(54, 'Mulya Waluyo', 'Gang PHH. Mustofa No. 71', '2022-06-15', 'P', '81257054329'),
(55, 'Darsirah Puspita', 'Gang Rawamangun No. 97', '1963-04-12', 'P', '81226186496'),
(56, 'Kala Saptono', 'Jl. Moch. Toha No. 342', '2000-11-25', 'P', '81202042564'),
(57, 'Balijan Adriansyah', 'Jl. Soekarno Hatta No. 859', '1940-01-11', 'L', '81221670896'),
(58, 'Halima Haryanto', 'Gg. Pasirkoja No. 865', '1990-03-02', 'P', '81288584676'),
(59, 'Soleh Hidayanto', 'Gang Wonoayu No. 605', '1985-09-23', 'L', '81260385122'),
(60, 'Prasetya Kuswoyo', 'Jl. Rajawali Barat No. 7', '1988-03-16', 'P', '81235361662'),
(61, 'Ella Samosir', 'Gg. Waringin No. 7', '1952-10-13', 'P', '81213747144'),
(62, 'Purwa Melani', 'Gg. Ciwastra No. 181', '1970-12-07', 'P', '81297665882'),
(63, 'Ridwan Susanti', 'Jl. HOS. Cokroaminoto No. 104', '1990-03-07', 'L', '81249704581'),
(64, 'Hartaka Hutasoit', 'Gang S. Parman No. 78', '1944-06-19', 'L', '81262922843'),
(65, 'Vanya Latupono', 'Gg. BKR No. 35', '1936-12-22', 'P', '81261875680'),
(66, 'Nova Andriani', 'Jalan Suryakencana No. 160', '2016-06-08', 'L', '81281586871'),
(67, 'Asman Nainggolan', 'Gg. Dipatiukur No. 5', '1954-09-24', 'L', '81219714366'),
(68, 'Tami Waskita', 'Jalan Wonoayu No. 722', '1937-09-24', 'P', '81213408537'),
(69, 'Lantar Handayani', 'Gg. Ahmad Yani No. 374', '2019-07-12', 'L', '81203293777'),
(70, 'Maman Hidayanto', 'Jalan Kendalsari No. 9', '2023-01-13', 'L', '81200651483'),
(71, 'Bakiono Nashiruddin', 'Gg. Pelajar Pejuang No. 5', '1996-09-11', 'L', '81251060284'),
(72, 'Wage Maryati', 'Jalan Ahmad Dahlan No. 02', '1955-04-18', 'L', '81249401834'),
(73, 'Perkasa Mardhiyah', 'Gang Jakarta No. 922', '1997-07-25', 'P', '81259919911'),
(74, 'Murti Megantara', 'Gang Kebonjati No. 5', '2013-06-02', 'P', '81280138792'),
(75, 'Leo Megantara', 'Gg. Erlangga No. 937', '1937-01-30', 'L', '81209561548'),
(76, 'Ulya Prastuti', 'Jalan Ahmad Yani No. 7', '1947-01-23', 'L', '81242987236'),
(77, 'Nadia Suwarno', 'Jl. Gardujati No. 711', '1943-04-26', 'P', '81239811849'),
(78, 'Dinda Lailasari', 'Jalan PHH. Mustofa No. 79', '1967-06-21', 'L', '81245488169'),
(79, 'Aurora Prayoga', 'Gg. Kiaracondong No. 700', '1941-03-20', 'L', '81290558202'),
(80, 'Ratih Putra', 'Jalan Pasirkoja No. 786', '1967-08-26', 'P', '81239273401'),
(81, 'Gantar Widodo', 'Jalan Kutai No. 1', '1947-09-18', 'L', '81242666057'),
(82, 'Jamal Purwanti', 'Jalan Gardujati No. 86', '1976-12-01', 'L', '81253157402'),
(83, 'Edi Halim', 'Gang Ronggowarsito No. 1', '1996-02-22', 'P', '81232445698'),
(84, 'Kawaca Firmansyah', 'Gang Monginsidi No. 79', '1993-07-16', 'L', '81222265423'),
(85, 'Edward Irawan', 'Gang Abdul Muis No. 2', '1995-08-03', 'P', '81296037038'),
(86, 'Jamal Anggriawan', 'Gang Kiaracondong No. 84', '1945-11-20', 'P', '81224237359'),
(87, 'Marsito Maheswara', 'Gg. Yos Sudarso No. 96', '2017-01-15', 'P', '81273677469'),
(88, 'Lili Nurdiyanti', 'Jl. BKR No. 541', '1998-08-12', 'L', '81275082234'),
(89, 'Jabal Permata', 'Jl. Pasteur No. 7', '1956-11-21', 'L', '81210424330'),
(90, 'Daru Tamba', 'Jl. Jayawijaya No. 12', '1952-08-17', 'P', '81252688383'),
(91, 'Luis Prasetyo', 'Jalan Otto Iskandardinata No. 32', '2018-12-26', 'L', '81289486402'),
(92, 'Puti Mansur', 'Gang Ronggowarsito No. 26', '1945-04-01', 'P', '81251355969'),
(93, 'Raditya Putra', 'Gang Jayawijaya No. 821', '2021-12-11', 'P', '81273794388'),
(94, 'Hamima Natsir', 'Gang Yos Sudarso No. 160', '1963-01-15', 'P', '81292635070'),
(95, 'Wulan Permadi', 'Gang Tebet Barat Dalam No. 79', '1959-07-31', 'L', '81203695751'),
(96, 'Tirtayasa Hakim', 'Gang HOS. Cokroaminoto No. 849', '2007-03-14', 'L', '81285073143'),
(97, 'Oskar Usada', 'Gg. Yos Sudarso No. 1', '1996-08-22', 'L', '81257035671'),
(98, 'Asmianto Budiyanto', 'Jalan Joyoboyo No. 72', '2018-04-27', 'L', '81252886394'),
(99, 'Hilda Gunawan', 'Jl. Rajawali Barat No. 63', '1980-01-17', 'L', '81214749096'),
(100, 'Raden Susanti', 'Jalan Laswi No. 2', '1980-06-16', 'L', '81237200847'),
(101, 'Amelia Mandasari', 'Jl. Raya Ujungberung No. 42', '1991-06-30', 'P', '81287848736'),
(102, 'Elon Wulandari', 'Gg. Moch. Toha No. 608', '1991-07-04', 'L', '81256210714'),
(103, 'Jane Firmansyah', 'Jl. H.J Maemunah No. 73', '1934-06-12', 'L', '81276220181'),
(104, 'Okto Hariyah', 'Gg. Kebonjati No. 68', '1974-04-10', 'P', '81297348440'),
(105, 'Hardana Utama', 'Jl. Suryakencana No. 137', '2014-12-27', 'L', '81251465837'),
(106, 'Dian Wastuti', 'Jl. Gegerkalong Hilir No. 807', '1935-08-09', 'P', '81295843005'),
(107, 'Gamanto Mandasari', 'Gang Moch. Ramdan No. 06', '1963-06-27', 'L', '81211651200'),
(108, 'Janet Safitri', 'Jalan Sukabumi No. 825', '1977-01-31', 'P', '81298311100'),
(109, 'Sabar Pradana', 'Jl. Kendalsari No. 31', '1985-07-22', 'P', '81292533064'),
(110, 'Violet Tarihoran', 'Gg. Kutisari Selatan No. 660', '1979-03-04', 'P', '81274375670'),
(111, 'Adikara Siregar', 'Jl. Rajawali Timur No. 6', '2003-12-05', 'L', '81202209379'),
(112, 'Karen Sirait', 'Jl. Waringin No. 0', '2000-09-29', 'P', '81249752604'),
(113, 'Endra Wibowo', 'Jalan Yos Sudarso No. 939', '2006-02-24', 'L', '81244051491'),
(114, 'Atmaja Astuti', 'Jalan Suniaraja No. 169', '1965-11-23', 'L', '81218695612'),
(115, 'Lukita Latupono', 'Gang S. Parman No. 6', '1964-04-27', 'P', '81286008723'),
(116, 'Juli Sitompul', 'Gg. Wonoayu No. 56', '1953-05-04', 'P', '81212413397'),
(117, 'Jagaraga Ardianto', 'Jalan Otto Iskandardinata No. 937', '1953-01-18', 'P', '81283969758'),
(118, 'Sakura Lailasari', 'Jalan Dipenogoro No. 1', '1998-10-18', 'L', '81290794655'),
(119, 'Damar Firgantoro', 'Jl. Surapati No. 81', '1947-10-13', 'L', '81299876015'),
(120, 'Budi Prasasta', 'Jl. Pasir Koja No. 63', '1973-05-20', 'L', '81294747160'),
(121, 'Edi Puspasari', 'Gang H.J Maemunah No. 806', '1956-06-06', 'L', '81271995449'),
(122, 'Harto Wibisono', 'Jl. Peta No. 4', '1996-02-26', 'L', '81225319846'),
(123, 'Taufik Rahayu', 'Jalan Monginsidi No. 307', '1970-11-17', 'L', '81248090512'),
(124, 'Jabal Wibowo', 'Jl. R.E Martadinata No. 91', '1974-10-15', 'P', '81288911605'),
(125, 'Cinthia Kuswoyo', 'Jl. Moch. Toha No. 5', '1983-09-18', 'L', '81295267584'),
(126, 'Aswani Suartini', 'Gang Gedebage Selatan No. 35', '1938-08-03', 'P', '81266284541'),
(127, 'Wardaya Namaga', 'Jalan Kebonjati No. 45', '1969-12-30', 'P', '81253942538'),
(128, 'Syahrini Widodo', 'Jalan Pelajar Pejuang No. 78', '2000-06-21', 'P', '81231101540'),
(129, 'Lanang Winarsih', 'Gg. Asia Afrika No. 036', '1995-12-12', 'L', '81227895473'),
(130, 'Daryani Saefullah', 'Jalan Cihampelas No. 9', '1951-10-01', 'L', '81277864680'),
(131, 'Asirwada Saragih', 'Jl. Dipatiukur No. 8', '2008-09-01', 'P', '81206870299'),
(132, 'Kayun Halim', 'Jalan Kutai No. 18', '1998-11-20', 'L', '81203566602'),
(133, 'Rachel Waskita', 'Gg. Rumah Sakit No. 0', '2023-07-04', 'P', '81218963374'),
(134, 'Eka Saputra', 'Gg. Astana Anyar No. 191', '1945-11-25', 'P', '81298415187'),
(135, 'Ratih Prasetyo', 'Gg. Pasirkoja No. 590', '2011-11-22', 'P', '81274107667'),
(136, 'Elvina Haryanto', 'Jl. Moch. Ramdan No. 458', '2004-09-02', 'L', '81267569256'),
(137, 'Alika Siregar', 'Gang Sukajadi No. 8', '1992-11-16', 'L', '81280504795'),
(138, 'Rafi Iswahyudi', 'Jl. Rawamangun No. 1', '1938-09-30', 'L', '81287422577'),
(139, 'Almira Setiawan', 'Jl. Sukajadi No. 1', '1959-01-03', 'L', '81286991536'),
(140, 'Rendy Nasyidah', 'Gg. R.E Martadinata No. 950', '2014-04-17', 'P', '81208989023'),
(141, 'Zizi Agustina', 'Gg. Sukajadi No. 1', '1989-12-04', 'L', '81246514812'),
(142, 'Restu Anggriawan', 'Jl. Cikutra Timur No. 037', '1989-11-14', 'L', '81248897451'),
(143, 'Oman Rahayu', 'Jl. Sadang Serang No. 0', '1952-01-13', 'L', '81295784698'),
(144, 'Cahyo Pudjiastuti', 'Jalan Rawamangun No. 1', '1979-12-23', 'L', '81262344771'),
(145, 'Winda Wastuti', 'Gang Kutisari Selatan No. 76', '1956-11-13', 'L', '81222122882'),
(146, 'Latif Firgantoro', 'Gg. Setiabudhi No. 05', '1995-07-17', 'L', '81243807767'),
(147, 'Halima Yuliarti', 'Jl. Cikutra Barat No. 86', '2003-11-14', 'P', '81260945690'),
(148, 'Kamila Wahyuni', 'Jalan Suryakencana No. 71', '1992-12-30', 'L', '81296269254'),
(149, 'Enteng Budiyanto', 'Gang Jakarta No. 2', '2025-03-06', 'L', '81236597154'),
(150, 'Opan Hartati', 'Gang Siliwangi No. 652', '1972-09-14', 'L', '81268240348'),
(151, 'Sabri Nashiruddin', 'Jl. Ahmad Dahlan No. 84', '1971-12-13', 'P', '81292837493'),
(152, 'Mariadi Wibowo', 'Jalan Otto Iskandardinata No. 9', '2015-02-13', 'P', '81223213644'),
(153, 'Edi Marpaung', 'Gg. Kendalsari No. 33', '1944-03-22', 'L', '81289963470'),
(154, 'Ghani Siregar', 'Jalan Kebonjati No. 302', '1994-06-07', 'P', '81275929537'),
(155, 'Lega Hutasoit', 'Jl. Jend. A. Yani No. 832', '1971-11-11', 'L', '81262484944'),
(156, 'Edi Prayoga', 'Jalan PHH. Mustofa No. 64', '2008-12-26', 'L', '81249773887'),
(157, 'Prasetya Hardiansyah', 'Jalan Stasiun Wonokromo No. 83', '1973-05-01', 'P', '81238865982'),
(158, 'Clara Handayani', 'Gg. H.J Maemunah No. 705', '2007-03-15', 'L', '81294052069'),
(159, 'Arta Sudiati', 'Jalan Jayawijaya No. 53', '1947-05-27', 'P', '81250087237'),
(160, 'Akarsana Purwanti', 'Jalan Veteran No. 928', '1960-08-22', 'P', '81223939299'),
(161, 'Julia Budiman', 'Gg. Sadang Serang No. 503', '1947-05-23', 'P', '81237041901'),
(162, 'Raditya Prastuti', 'Gg. Tebet Barat Dalam No. 8', '1945-11-10', 'L', '81233305290'),
(163, 'Mutia Mustofa', 'Gg. Monginsidi No. 067', '1934-07-03', 'L', '81250733337'),
(164, 'Indra Laksmiwati', 'Jl. Sadang Serang No. 97', '2003-08-02', 'P', '81201077120'),
(165, 'Lalita Nuraini', 'Jalan Stasiun Wonokromo No. 703', '1936-03-01', 'L', '81258944826'),
(166, 'Cakrawala Hardiansyah', 'Gang Siliwangi No. 7', '2001-01-21', 'P', '81218606121'),
(167, 'Nadia Mandasari', 'Gg. M.T Haryono No. 1', '1957-10-29', 'L', '81202925045'),
(168, 'Martani Saptono', 'Gg. Moch. Ramdan No. 6', '1970-06-19', 'P', '81225488084'),
(169, 'Eja Zulaika', 'Jl. H.J Maemunah No. 07', '1971-03-13', 'P', '81296961474'),
(170, 'Vega Habibi', 'Gang Cempaka No. 631', '1963-06-06', 'P', '81223573928'),
(171, 'Waluyo Irawan', 'Gang Laswi No. 972', '1945-09-27', 'L', '81282737054'),
(172, 'Alambana Samosir', 'Jl. Kutai No. 832', '1955-09-14', 'L', '81292573801'),
(173, 'Wardaya Prabowo', 'Gg. Tubagus Ismail No. 9', '2019-09-20', 'P', '81264730804'),
(174, 'Cornelia Prasasta', 'Gang Otto Iskandardinata No. 256', '1986-03-21', 'P', '81282851777'),
(175, 'Emin Manullang', 'Jl. Erlangga No. 037', '1995-06-30', 'P', '81218427400'),
(176, 'Bagas Siregar', 'Jl. Rajawali Timur No. 332', '1965-12-28', 'L', '81274218101'),
(177, 'Kunthara Manullang', 'Gang Pelajar Pejuang No. 1', '1990-07-08', 'P', '81258219950'),
(178, 'Cemeti Permata', 'Gang H.J Maemunah No. 236', '1944-07-11', 'P', '81203017231'),
(179, 'Eva Permata', 'Jl. PHH. Mustofa No. 559', '2021-10-17', 'P', '81263273511'),
(180, 'Pia Rajata', 'Gg. Pasirkoja No. 8', '2014-04-04', 'P', '81298605328'),
(181, 'Akarsana Siregar', 'Gg. Tebet Barat Dalam No. 93', '2007-08-08', 'L', '81246762392'),
(182, 'Ridwan Kusumo', 'Gg. Dipatiukur No. 629', '1976-09-29', 'P', '81230897954'),
(183, 'Dwi Pranowo', 'Gang Kendalsari No. 26', '1995-09-03', 'L', '81274207035'),
(184, 'Gamani Kusmawati', 'Jalan Rungkut Industri No. 355', '1941-05-10', 'L', '81227370430'),
(185, 'Narji Pratama', 'Jalan Cempaka No. 006', '1968-04-22', 'P', '81211256888'),
(186, 'Lanang Rajasa', 'Gang Suniaraja No. 490', '2016-06-22', 'L', '81286780411'),
(187, 'Mujur Permata', 'Jl. Kapten Muslihat No. 889', '1981-05-01', 'P', '81226883644'),
(188, 'Respati Tarihoran', 'Jalan Dipatiukur No. 121', '1970-05-08', 'P', '81287485531'),
(189, 'Umar Puspita', 'Gang Tubagus Ismail No. 00', '1957-11-05', 'P', '81261598365'),
(190, 'Kamila Maheswara', 'Jalan Ciwastra No. 93', '1939-10-19', 'L', '81232323224'),
(191, 'Rachel Kusumo', 'Gang Gegerkalong Hilir No. 53', '1987-07-19', 'P', '81275477602'),
(192, 'Praba Widodo', 'Gg. Jayawijaya No. 231', '2009-01-11', 'L', '81272186552'),
(193, 'Eluh Widiastuti', 'Jalan Antapani Lama No. 04', '1967-08-29', 'P', '81209058966'),
(194, 'Ian Suryono', 'Gang Cihampelas No. 12', '1969-09-03', 'L', '81237102263'),
(195, 'Elon Purwanti', 'Gg. Gegerkalong Hilir No. 56', '1958-12-17', 'P', '81281658861'),
(196, 'Sabrina Namaga', 'Jalan Pasirkoja No. 53', '2002-11-15', 'L', '81210119878'),
(197, 'Ghaliyati Wijayanti', 'Jalan Wonoayu No. 1', '1992-01-20', 'P', '81239290173'),
(198, 'Harsanto Nasyidah', 'Gg. Laswi No. 35', '2010-02-02', 'P', '81230739774'),
(199, 'Warji Prasasta', 'Jalan Kebonjati No. 5', '1997-07-09', 'L', '81206223157'),
(200, 'Rama Permata', 'Gg. Ciwastra No. 829', '1965-03-24', 'L', '81299835288');

-- --------------------------------------------------------

--
-- Table structure for table `dim_tindakan`
--

CREATE TABLE `dim_tindakan` (
  `nama_tindakan` varchar(100) NOT NULL,
  `biaya` decimal(10,2) DEFAULT NULL
) ENGINE=InnoDB DEFAULT CHARSET=utf8mb4 COLLATE=utf8mb4_general_ci;

--
-- Dumping data for table `dim_tindakan`
--

INSERT INTO `dim_tindakan` (`nama_tindakan`, `biaya`) VALUES
('CT Scan', 500000.00),
('nama_tindakan', 0.00),
('Operasi Caesar', 200000.00),
('Operasi Usus Buntu', 1500000.00),
('Pemeriksaan Darah', 6000000.00),
('Pemeriksaan Jantung', 1500000.00),
('Pemeriksaan Umum', 500000.00),
('USG', 500000.00),
('X-Ray', 200000.00);

-- --------------------------------------------------------

--
-- Table structure for table `fakta_obat`
--

CREATE TABLE `fakta_obat` (
  `id_obat_transaksi` int(11) NOT NULL,
  `id_pasien` int(11) DEFAULT NULL,
  `kode_obat` varchar(50) DEFAULT NULL,
  `jumlah` int(11) DEFAULT NULL,
  `total_harga` decimal(12,2) DEFAULT NULL,
  `tanggal_transaksi` date DEFAULT NULL
) ENGINE=InnoDB DEFAULT CHARSET=utf8mb4 COLLATE=utf8mb4_general_ci;

--
-- Dumping data for table `fakta_obat`
--

INSERT INTO `fakta_obat` (`id_obat_transaksi`, `id_pasien`, `kode_obat`, `jumlah`, `total_harga`, `tanggal_transaksi`) VALUES
(0, 0, 'kode_obat', 0, 0.00, NULL),
(1, 158, 'O002', 9, 36000.00, NULL),
(2, 118, 'O001', 9, 31500.00, NULL),
(3, 103, 'O014', 8, 24000.00, NULL),
(4, 183, 'O015', 2, 7000.00, NULL),
(5, 156, 'O005', 2, 6000.00, NULL),
(6, 160, 'O019', 3, 9000.00, NULL),
(7, 153, 'O017', 6, 150000.00, NULL),
(8, 155, 'O014', 8, 96000.00, NULL),
(9, 168, 'O018', 2, 6000.00, NULL),
(10, 116, 'O008', 4, 14000.00, NULL),
(11, 117, 'O013', 6, 24000.00, NULL),
(12, 110, 'O011', 2, 8000.00, NULL),
(13, 40, 'O016', 5, 17500.00, NULL),
(14, 22, 'O003', 2, 6000.00, NULL),
(15, 190, 'O012', 2, 8000.00, NULL),
(16, 151, 'O018', 9, 45000.00, NULL),
(17, 32, 'O014', 6, 150000.00, NULL),
(18, 185, 'O002', 7, 84000.00, NULL),
(19, 91, 'O004', 10, 120000.00, NULL),
(20, 40, 'O016', 9, 225000.00, NULL),
(21, 143, 'O012', 2, 10000.00, NULL),
(22, 58, 'O014', 5, 15000.00, NULL),
(23, 173, 'O018', 10, 250000.00, NULL),
(24, 169, 'O009', 10, 30000.00, NULL),
(25, 180, 'O010', 3, 9000.00, NULL),
(26, 47, 'O005', 6, 72000.00, NULL),
(27, 37, 'O001', 7, 175000.00, NULL),
(28, 97, 'O014', 9, 27000.00, NULL),
(29, 95, 'O010', 6, 24000.00, NULL),
(30, 146, 'O020', 6, 21000.00, NULL),
(31, 41, 'O020', 1, 3000.00, NULL),
(32, 114, 'O014', 2, 6000.00, NULL),
(33, 107, 'O009', 10, 40000.00, NULL),
(34, 89, 'O014', 9, 45000.00, NULL),
(35, 174, 'O019', 5, 15000.00, NULL),
(36, 79, 'O002', 9, 36000.00, NULL),
(37, 15, 'O001', 7, 35000.00, NULL),
(38, 55, 'O005', 5, 25000.00, NULL),
(39, 31, 'O001', 5, 60000.00, NULL),
(40, 34, 'O013', 7, 28000.00, NULL),
(41, 144, 'O012', 4, 100000.00, NULL),
(42, 190, 'O002', 7, 21000.00, NULL),
(43, 20, 'O011', 1, 4000.00, NULL),
(44, 104, 'O014', 7, 175000.00, NULL),
(45, 6, 'O011', 2, 24000.00, NULL),
(46, 177, 'O012', 10, 50000.00, NULL),
(47, 28, 'O008', 7, 21000.00, NULL),
(48, 135, 'O003', 10, 40000.00, NULL),
(49, 87, 'O008', 5, 20000.00, NULL),
(50, 131, 'O004', 3, 36000.00, NULL),
(51, 199, 'O012', 9, 225000.00, NULL),
(52, 27, 'O005', 3, 36000.00, NULL),
(53, 155, 'O005', 4, 48000.00, NULL),
(54, 198, 'O016', 2, 7000.00, NULL),
(55, 149, 'O015', 10, 40000.00, NULL),
(56, 163, 'O020', 10, 35000.00, NULL),
(57, 113, 'O003', 6, 72000.00, NULL),
(58, 78, 'O009', 8, 32000.00, NULL),
(59, 130, 'O003', 1, 25000.00, NULL),
(60, 10, 'O002', 8, 96000.00, NULL),
(61, 166, 'O003', 5, 60000.00, NULL),
(62, 99, 'O015', 10, 250000.00, NULL),
(63, 190, 'O002', 9, 225000.00, NULL),
(64, 49, 'O011', 10, 40000.00, NULL),
(65, 39, 'O002', 8, 200000.00, NULL),
(66, 88, 'O003', 2, 8000.00, NULL),
(67, 64, 'O015', 3, 75000.00, NULL),
(68, 157, 'O006', 9, 36000.00, NULL),
(69, 73, 'O013', 6, 72000.00, NULL),
(70, 154, 'O002', 6, 24000.00, NULL),
(71, 85, 'O004', 6, 21000.00, NULL),
(72, 65, 'O020', 7, 175000.00, NULL),
(73, 150, 'O005', 6, 30000.00, NULL),
(74, 179, 'O013', 5, 60000.00, NULL),
(75, 22, 'O010', 10, 50000.00, NULL),
(76, 85, 'O005', 7, 175000.00, NULL),
(77, 166, 'O014', 9, 31500.00, NULL),
(78, 93, 'O010', 6, 150000.00, NULL),
(79, 197, 'O016', 4, 20000.00, NULL),
(80, 40, 'O003', 4, 20000.00, NULL),
(81, 198, 'O018', 2, 24000.00, NULL),
(82, 170, 'O011', 9, 31500.00, NULL),
(83, 97, 'O005', 3, 75000.00, NULL),
(84, 178, 'O020', 3, 15000.00, NULL),
(85, 106, 'O012', 8, 40000.00, NULL),
(86, 157, 'O010', 4, 14000.00, NULL),
(87, 137, 'O008', 8, 28000.00, NULL),
(88, 50, 'O012', 8, 96000.00, NULL),
(89, 119, 'O010', 10, 35000.00, NULL),
(90, 108, 'O006', 9, 36000.00, NULL),
(91, 65, 'O002', 10, 50000.00, NULL),
(92, 96, 'O018', 8, 28000.00, NULL),
(93, 32, 'O010', 9, 27000.00, NULL),
(94, 116, 'O017', 3, 9000.00, NULL),
(95, 57, 'O015', 7, 35000.00, NULL),
(96, 14, 'O013', 1, 12000.00, NULL),
(97, 99, 'O003', 6, 150000.00, NULL),
(98, 82, 'O004', 4, 48000.00, NULL),
(99, 38, 'O005', 6, 21000.00, NULL),
(100, 121, 'O005', 5, 15000.00, NULL),
(101, 158, 'O001', 8, 28000.00, NULL),
(102, 56, 'O005', 1, 3000.00, NULL),
(103, 109, 'O004', 10, 250000.00, NULL),
(104, 32, 'O002', 4, 48000.00, NULL),
(105, 160, 'O015', 7, 35000.00, NULL),
(106, 128, 'O020', 2, 6000.00, NULL),
(107, 132, 'O019', 1, 25000.00, NULL),
(108, 110, 'O001', 3, 15000.00, NULL),
(109, 147, 'O014', 6, 150000.00, NULL),
(110, 93, 'O003', 2, 10000.00, NULL),
(111, 130, 'O018', 9, 225000.00, NULL),
(112, 121, 'O002', 7, 21000.00, NULL),
(113, 65, 'O001', 7, 24500.00, NULL),
(114, 62, 'O004', 2, 24000.00, NULL),
(115, 12, 'O012', 6, 150000.00, NULL),
(116, 165, 'O006', 6, 150000.00, NULL),
(117, 123, 'O006', 8, 28000.00, NULL),
(118, 199, 'O015', 2, 10000.00, NULL),
(119, 12, 'O007', 5, 15000.00, NULL),
(120, 80, 'O017', 6, 18000.00, NULL),
(121, 65, 'O002', 9, 36000.00, NULL),
(122, 92, 'O002', 4, 14000.00, NULL),
(123, 32, 'O012', 6, 21000.00, NULL),
(124, 113, 'O013', 7, 28000.00, NULL),
(125, 178, 'O016', 3, 36000.00, NULL),
(126, 22, 'O014', 9, 108000.00, NULL),
(127, 47, 'O018', 7, 21000.00, NULL),
(128, 21, 'O011', 6, 72000.00, NULL),
(129, 115, 'O020', 5, 17500.00, NULL),
(130, 177, 'O015', 7, 24500.00, NULL),
(131, 187, 'O012', 8, 96000.00, NULL),
(132, 164, 'O002', 7, 175000.00, NULL),
(133, 132, 'O006', 7, 21000.00, NULL),
(134, 156, 'O015', 3, 9000.00, NULL),
(135, 61, 'O012', 3, 9000.00, NULL),
(136, 146, 'O002', 7, 84000.00, NULL),
(137, 116, 'O012', 3, 75000.00, NULL),
(138, 20, 'O019', 8, 96000.00, NULL),
(139, 102, 'O011', 9, 45000.00, NULL),
(140, 30, 'O001', 5, 17500.00, NULL),
(141, 133, 'O013', 3, 10500.00, NULL),
(142, 199, 'O009', 2, 50000.00, NULL),
(143, 157, 'O010', 8, 28000.00, NULL),
(144, 32, 'O005', 8, 28000.00, NULL),
(145, 183, 'O015', 8, 24000.00, NULL),
(146, 89, 'O003', 6, 18000.00, NULL),
(147, 77, 'O006', 9, 225000.00, NULL),
(148, 93, 'O017', 3, 10500.00, NULL),
(149, 36, 'O008', 2, 10000.00, NULL),
(150, 142, 'O019', 1, 4000.00, NULL),
(151, 142, 'O005', 8, 96000.00, NULL),
(152, 80, 'O013', 2, 50000.00, NULL),
(153, 106, 'O014', 8, 28000.00, NULL),
(154, 82, 'O003', 2, 50000.00, NULL),
(155, 133, 'O012', 8, 32000.00, NULL),
(156, 151, 'O006', 9, 45000.00, NULL),
(157, 15, 'O004', 7, 35000.00, NULL),
(158, 43, 'O006', 3, 75000.00, NULL),
(159, 133, 'O010', 4, 48000.00, NULL),
(160, 163, 'O018', 5, 15000.00, NULL),
(161, 78, 'O020', 3, 36000.00, NULL),
(162, 165, 'O006', 2, 50000.00, NULL),
(163, 44, 'O020', 10, 250000.00, NULL),
(164, 145, 'O002', 10, 35000.00, NULL),
(165, 165, 'O019', 2, 6000.00, NULL),
(166, 147, 'O014', 4, 48000.00, NULL),
(167, 161, 'O018', 1, 25000.00, NULL),
(168, 63, 'O013', 5, 60000.00, NULL),
(169, 177, 'O002', 8, 96000.00, NULL),
(170, 124, 'O015', 8, 40000.00, NULL),
(171, 37, 'O011', 6, 30000.00, NULL),
(172, 89, 'O013', 6, 21000.00, NULL),
(173, 144, 'O004', 6, 30000.00, NULL),
(174, 32, 'O009', 4, 48000.00, NULL),
(175, 25, 'O002', 4, 16000.00, NULL),
(176, 158, 'O014', 7, 84000.00, NULL),
(177, 84, 'O019', 3, 15000.00, NULL),
(178, 196, 'O006', 6, 21000.00, NULL),
(179, 128, 'O010', 9, 36000.00, NULL),
(180, 101, 'O017', 1, 4000.00, NULL),
(181, 150, 'O012', 4, 16000.00, NULL),
(182, 127, 'O020', 1, 3000.00, NULL),
(183, 138, 'O001', 8, 28000.00, NULL),
(184, 68, 'O012', 7, 21000.00, NULL),
(185, 103, 'O002', 6, 24000.00, NULL),
(186, 93, 'O018', 9, 225000.00, NULL),
(187, 130, 'O015', 2, 24000.00, NULL),
(188, 160, 'O020', 5, 125000.00, NULL),
(189, 101, 'O012', 3, 9000.00, NULL),
(190, 94, 'O005', 9, 108000.00, NULL),
(191, 103, 'O017', 10, 50000.00, NULL),
(192, 36, 'O011', 1, 3000.00, NULL),
(193, 39, 'O020', 9, 36000.00, NULL),
(194, 157, 'O011', 3, 75000.00, NULL),
(195, 190, 'O010', 7, 35000.00, NULL),
(196, 131, 'O018', 6, 150000.00, NULL),
(197, 122, 'O001', 10, 40000.00, NULL),
(198, 29, 'O014', 6, 72000.00, NULL),
(199, 186, 'O001', 5, 125000.00, NULL),
(200, 168, 'O019', 8, 200000.00, NULL),
(201, 14, 'O019', 4, 100000.00, NULL),
(202, 162, 'O020', 3, 12000.00, NULL),
(203, 175, 'O008', 3, 12000.00, NULL),
(204, 180, 'O004', 10, 30000.00, NULL),
(205, 81, 'O014', 1, 5000.00, NULL),
(206, 53, 'O014', 7, 35000.00, NULL),
(207, 121, 'O002', 10, 250000.00, NULL),
(208, 54, 'O018', 3, 10500.00, NULL),
(209, 97, 'O011', 8, 96000.00, NULL),
(210, 137, 'O011', 8, 40000.00, NULL),
(211, 198, 'O009', 6, 150000.00, NULL),
(212, 64, 'O009', 8, 200000.00, NULL),
(213, 77, 'O010', 5, 125000.00, NULL),
(214, 181, 'O016', 4, 14000.00, NULL),
(215, 144, 'O009', 8, 96000.00, NULL),
(216, 174, 'O018', 2, 24000.00, NULL),
(217, 89, 'O005', 7, 28000.00, NULL),
(218, 183, 'O003', 1, 12000.00, NULL),
(219, 66, 'O016', 8, 96000.00, NULL),
(220, 138, 'O009', 4, 20000.00, NULL),
(221, 28, 'O020', 5, 125000.00, NULL),
(222, 63, 'O002', 10, 35000.00, NULL),
(223, 164, 'O008', 9, 31500.00, NULL),
(224, 85, 'O016', 2, 6000.00, NULL),
(225, 141, 'O006', 3, 9000.00, NULL),
(226, 167, 'O007', 8, 32000.00, NULL),
(227, 166, 'O002', 6, 72000.00, NULL),
(228, 137, 'O002', 10, 30000.00, NULL),
(229, 46, 'O002', 7, 35000.00, NULL),
(230, 192, 'O010', 8, 32000.00, NULL),
(231, 146, 'O020', 1, 3000.00, NULL),
(232, 117, 'O018', 6, 18000.00, NULL),
(233, 35, 'O017', 8, 200000.00, NULL),
(234, 29, 'O011', 5, 20000.00, NULL),
(235, 66, 'O006', 8, 40000.00, NULL),
(236, 76, 'O019', 6, 18000.00, NULL),
(237, 157, 'O013', 4, 14000.00, NULL),
(238, 23, 'O013', 9, 36000.00, NULL),
(239, 36, 'O016', 2, 7000.00, NULL),
(240, 67, 'O013', 4, 48000.00, NULL),
(241, 69, 'O011', 8, 40000.00, NULL),
(242, 147, 'O001', 10, 120000.00, NULL),
(243, 61, 'O002', 6, 72000.00, NULL),
(244, 79, 'O006', 2, 7000.00, NULL),
(245, 181, 'O010', 9, 36000.00, NULL),
(246, 76, 'O012', 2, 7000.00, NULL),
(247, 35, 'O016', 4, 100000.00, NULL),
(248, 156, 'O012', 8, 40000.00, NULL),
(249, 121, 'O018', 9, 36000.00, NULL),
(250, 64, 'O020', 4, 14000.00, NULL),
(251, 136, 'O012', 9, 27000.00, NULL),
(252, 16, 'O018', 10, 30000.00, NULL),
(253, 138, 'O005', 4, 100000.00, NULL),
(254, 134, 'O015', 6, 30000.00, NULL),
(255, 150, 'O016', 4, 12000.00, NULL),
(256, 15, 'O015', 9, 27000.00, NULL),
(257, 117, 'O019', 9, 45000.00, NULL),
(258, 173, 'O010', 9, 27000.00, NULL),
(259, 66, 'O001', 1, 3500.00, NULL),
(260, 19, 'O002', 4, 14000.00, NULL),
(261, 17, 'O018', 6, 24000.00, NULL),
(262, 121, 'O002', 2, 6000.00, NULL),
(263, 197, 'O005', 7, 84000.00, NULL),
(264, 98, 'O015', 7, 24500.00, NULL),
(265, 175, 'O018', 7, 28000.00, NULL),
(266, 46, 'O018', 6, 30000.00, NULL),
(267, 187, 'O008', 9, 36000.00, NULL),
(268, 119, 'O018', 1, 3000.00, NULL),
(269, 59, 'O008', 9, 36000.00, NULL),
(270, 71, 'O007', 6, 24000.00, NULL),
(271, 170, 'O014', 2, 7000.00, NULL),
(272, 53, 'O003', 1, 25000.00, NULL),
(273, 115, 'O020', 10, 30000.00, NULL),
(274, 190, 'O002', 1, 3500.00, NULL),
(275, 139, 'O007', 8, 32000.00, NULL),
(276, 75, 'O008', 3, 9000.00, NULL),
(277, 148, 'O020', 10, 35000.00, NULL),
(278, 78, 'O005', 6, 21000.00, NULL),
(279, 106, 'O010', 9, 31500.00, NULL),
(280, 152, 'O006', 1, 12000.00, NULL),
(281, 127, 'O002', 7, 24500.00, NULL),
(282, 135, 'O011', 7, 84000.00, NULL),
(283, 39, 'O010', 7, 24500.00, NULL),
(284, 138, 'O016', 3, 12000.00, NULL),
(285, 182, 'O005', 4, 20000.00, NULL),
(286, 106, 'O014', 1, 4000.00, NULL),
(287, 100, 'O008', 9, 225000.00, NULL),
(288, 166, 'O003', 4, 48000.00, NULL),
(289, 138, 'O007', 6, 24000.00, NULL),
(290, 173, 'O020', 5, 15000.00, NULL),
(291, 19, 'O007', 1, 25000.00, NULL),
(292, 123, 'O007', 9, 225000.00, NULL),
(293, 4, 'O007', 5, 60000.00, NULL),
(294, 194, 'O016', 2, 10000.00, NULL),
(295, 53, 'O013', 10, 50000.00, NULL),
(296, 199, 'O010', 9, 45000.00, NULL),
(297, 167, 'O012', 8, 32000.00, NULL),
(298, 132, 'O016', 5, 60000.00, NULL),
(299, 185, 'O016', 2, 8000.00, NULL),
(300, 81, 'O014', 4, 48000.00, NULL);

-- --------------------------------------------------------

--
-- Table structure for table `fakta_perawatan`
--

CREATE TABLE `fakta_perawatan` (
  `id_perawatan` int(11) NOT NULL,
  `id_pasien` int(11) DEFAULT NULL,
  `id_dokter` int(11) DEFAULT NULL,
  `tanggal_perawatan` date DEFAULT NULL,
  `jenis_perawatan` varchar(100) DEFAULT NULL,
  `total_biaya` decimal(12,2) DEFAULT NULL,
  `status_pembayaran` varchar(20) DEFAULT NULL
) ENGINE=InnoDB DEFAULT CHARSET=utf8mb4 COLLATE=utf8mb4_general_ci;

--
-- Dumping data for table `fakta_perawatan`
--

INSERT INTO `fakta_perawatan` (`id_perawatan`, `id_pasien`, `id_dokter`, `tanggal_perawatan`, `jenis_perawatan`, `total_biaya`, `status_pembayaran`) VALUES
(0, 0, 0, NULL, 'jenis_perawatan', 0.00, 'Belum Lunas'),
(1, 5, 19, '2024-07-10', 'Rawat Inap', 0.00, 'Belum Lunas'),
(2, 54, 7, '2024-07-28', 'Rawat Inap', 0.00, 'Belum Lunas'),
(3, 162, 18, '2024-01-30', 'Rawat Jalan', 0.00, 'Belum Lunas'),
(4, 125, 7, '2024-07-08', 'Rawat Jalan', 0.00, 'Belum Lunas'),
(5, 18, 20, '2024-08-20', 'Rawat Inap', 0.00, 'Belum Lunas'),
(6, 79, 14, '2024-02-07', 'Rawat Jalan', 0.00, 'Belum Lunas'),
(7, 143, 19, '2024-03-19', 'Rawat Inap', 0.00, 'Belum Lunas'),
(8, 161, 13, '2025-01-19', 'Rawat Inap', 0.00, 'Belum Lunas'),
(9, 120, 3, '2024-02-01', 'Rawat Jalan', 0.00, 'Belum Lunas'),
(10, 3, 12, '2024-02-16', 'Rawat Jalan', 0.00, 'Belum Lunas'),
(11, 4, 4, '2025-02-08', 'Rawat Inap', 0.00, 'Belum Lunas'),
(12, 80, 5, '2024-07-22', 'Rawat Jalan', 0.00, 'Belum Lunas'),
(13, 200, 7, '2024-01-12', 'Rawat Jalan', 0.00, 'Belum Lunas'),
(14, 67, 17, '2024-11-19', 'Rawat Inap', 0.00, 'Belum Lunas'),
(15, 131, 18, '2025-01-11', 'Rawat Inap', 0.00, 'Belum Lunas'),
(16, 108, 10, '2025-02-23', 'Rawat Inap', 0.00, 'Belum Lunas'),
(17, 132, 11, '2024-11-19', 'Rawat Jalan', 0.00, 'Belum Lunas'),
(18, 99, 6, '2024-09-18', 'Rawat Jalan', 0.00, 'Belum Lunas'),
(19, 81, 20, '2024-07-27', 'Rawat Jalan', 0.00, 'Belum Lunas'),
(20, 159, 15, '2024-10-20', 'Rawat Jalan', 0.00, 'Belum Lunas'),
(21, 68, 10, '2024-06-21', 'Rawat Jalan', 0.00, 'Belum Lunas'),
(22, 188, 10, '2024-03-19', 'Rawat Jalan', 0.00, 'Belum Lunas'),
(23, 2, 15, '2024-11-16', 'Rawat Jalan', 0.00, 'Belum Lunas'),
(24, 12, 8, '2025-01-26', 'Rawat Jalan', 0.00, 'Belum Lunas'),
(25, 43, 20, '2025-01-22', 'Rawat Inap', 0.00, 'Belum Lunas'),
(26, 200, 17, '2024-11-30', 'Rawat Jalan', 0.00, 'Belum Lunas'),
(27, 68, 7, '2024-01-12', 'Rawat Jalan', 0.00, 'Belum Lunas'),
(28, 177, 3, '2024-08-15', 'Rawat Jalan', 0.00, 'Belum Lunas'),
(29, 118, 9, '2024-01-12', 'Rawat Jalan', 0.00, 'Belum Lunas'),
(30, 18, 4, '2024-01-28', 'Rawat Jalan', 0.00, 'Belum Lunas'),
(31, 160, 10, '2025-03-15', 'Rawat Inap', 0.00, 'Belum Lunas'),
(32, 44, 12, '2025-01-08', 'Rawat Jalan', 0.00, 'Belum Lunas'),
(33, 126, 4, '2024-05-15', 'Rawat Jalan', 0.00, 'Belum Lunas'),
(34, 13, 16, '2025-04-05', 'Rawat Jalan', 0.00, 'Belum Lunas'),
(35, 67, 18, '2024-07-21', 'Rawat Jalan', 0.00, 'Belum Lunas'),
(36, 64, 1, '2024-02-23', 'Rawat Inap', 0.00, 'Belum Lunas'),
(37, 189, 12, '2024-12-11', 'Rawat Jalan', 0.00, 'Belum Lunas'),
(38, 20, 11, '2024-06-08', 'Rawat Inap', 0.00, 'Belum Lunas'),
(39, 169, 10, '2024-06-09', 'Rawat Inap', 0.00, 'Belum Lunas'),
(40, 85, 16, '2024-09-22', 'Rawat Inap', 0.00, 'Belum Lunas'),
(41, 67, 1, '2025-01-19', 'Rawat Jalan', 0.00, 'Belum Lunas'),
(42, 25, 20, '2024-04-02', 'Rawat Inap', 0.00, 'Belum Lunas'),
(43, 22, 5, '2024-11-06', 'Rawat Inap', 0.00, 'Belum Lunas'),
(44, 62, 10, '2024-06-04', 'Rawat Inap', 0.00, 'Belum Lunas'),
(45, 15, 1, '2024-08-19', 'Rawat Jalan', 0.00, 'Belum Lunas'),
(46, 130, 1, '2025-03-13', 'Rawat Inap', 0.00, 'Belum Lunas'),
(47, 137, 5, '2025-04-21', 'Rawat Inap', 0.00, 'Belum Lunas'),
(48, 168, 16, '2024-05-17', 'Rawat Jalan', 0.00, 'Belum Lunas'),
(49, 26, 8, '2025-04-21', 'Rawat Inap', 0.00, 'Belum Lunas'),
(50, 165, 16, '2024-11-25', 'Rawat Inap', 0.00, 'Belum Lunas'),
(51, 75, 7, '2025-01-13', 'Rawat Inap', 0.00, 'Belum Lunas'),
(52, 101, 15, '2024-02-29', 'Rawat Inap', 0.00, 'Belum Lunas'),
(53, 42, 10, '2024-02-20', 'Rawat Jalan', 0.00, 'Belum Lunas'),
(54, 157, 17, '2025-03-14', 'Rawat Jalan', 0.00, 'Belum Lunas'),
(55, 74, 15, '2024-08-12', 'Rawat Inap', 0.00, 'Belum Lunas'),
(56, 105, 16, '2025-01-11', 'Rawat Jalan', 0.00, 'Belum Lunas'),
(57, 38, 20, '2024-08-26', 'Rawat Jalan', 0.00, 'Belum Lunas'),
(58, 184, 3, '2024-12-29', 'Rawat Inap', 0.00, 'Belum Lunas'),
(59, 30, 6, '2025-01-04', 'Rawat Jalan', 0.00, 'Belum Lunas'),
(60, 15, 5, '2024-08-08', 'Rawat Jalan', 0.00, 'Belum Lunas'),
(61, 39, 17, '2025-04-18', 'Rawat Jalan', 0.00, 'Belum Lunas'),
(62, 31, 2, '2024-05-21', 'Rawat Jalan', 0.00, 'Belum Lunas'),
(63, 132, 1, '2024-01-19', 'Rawat Jalan', 0.00, 'Belum Lunas'),
(64, 120, 1, '2024-11-13', 'Rawat Inap', 0.00, 'Belum Lunas'),
(65, 197, 16, '2025-03-10', 'Rawat Inap', 0.00, 'Belum Lunas'),
(66, 128, 5, '2024-11-25', 'Rawat Inap', 0.00, 'Belum Lunas'),
(67, 106, 8, '2025-02-02', 'Rawat Jalan', 0.00, 'Belum Lunas'),
(68, 175, 6, '2025-01-26', 'Rawat Jalan', 0.00, 'Belum Lunas'),
(69, 92, 9, '2024-04-12', 'Rawat Inap', 0.00, 'Belum Lunas'),
(70, 57, 4, '2024-04-23', 'Rawat Jalan', 0.00, 'Belum Lunas'),
(71, 81, 3, '2024-09-19', 'Rawat Inap', 0.00, 'Belum Lunas'),
(72, 134, 4, '2024-10-30', 'Rawat Jalan', 0.00, 'Belum Lunas'),
(73, 35, 14, '2024-12-03', 'Rawat Jalan', 0.00, 'Belum Lunas'),
(74, 194, 16, '2025-01-25', 'Rawat Inap', 0.00, 'Belum Lunas'),
(75, 40, 7, '2024-06-04', 'Rawat Inap', 0.00, 'Belum Lunas'),
(76, 167, 20, '2024-07-25', 'Rawat Jalan', 0.00, 'Belum Lunas'),
(77, 121, 7, '2025-03-30', 'Rawat Inap', 0.00, 'Belum Lunas'),
(78, 132, 5, '2025-02-09', 'Rawat Jalan', 0.00, 'Belum Lunas'),
(79, 101, 16, '2025-03-11', 'Rawat Jalan', 0.00, 'Belum Lunas'),
(80, 12, 4, '2024-08-30', 'Rawat Inap', 0.00, 'Belum Lunas'),
(81, 132, 16, '2024-03-07', 'Rawat Inap', 0.00, 'Belum Lunas'),
(82, 42, 13, '2024-05-18', 'Rawat Inap', 0.00, 'Belum Lunas'),
(83, 69, 7, '2024-01-09', 'Rawat Jalan', 0.00, 'Belum Lunas'),
(84, 124, 20, '2024-09-02', 'Rawat Inap', 0.00, 'Belum Lunas'),
(85, 48, 18, '2025-01-13', 'Rawat Inap', 0.00, 'Belum Lunas'),
(86, 5, 15, '2024-07-26', 'Rawat Jalan', 0.00, 'Belum Lunas'),
(87, 117, 10, '2024-11-21', 'Rawat Jalan', 0.00, 'Belum Lunas'),
(88, 25, 1, '2024-08-07', 'Rawat Inap', 0.00, 'Belum Lunas'),
(89, 172, 9, '2024-05-03', 'Rawat Inap', 0.00, 'Belum Lunas'),
(90, 185, 14, '2024-02-03', 'Rawat Jalan', 0.00, 'Belum Lunas'),
(91, 23, 7, '2024-12-05', 'Rawat Inap', 0.00, 'Belum Lunas'),
(92, 154, 4, '2025-04-22', 'Rawat Jalan', 0.00, 'Belum Lunas'),
(93, 194, 3, '2024-08-07', 'Rawat Jalan', 0.00, 'Belum Lunas'),
(94, 113, 18, '2024-05-20', 'Rawat Inap', 0.00, 'Belum Lunas'),
(95, 191, 17, '2025-01-12', 'Rawat Inap', 0.00, 'Belum Lunas'),
(96, 36, 16, '2024-12-12', 'Rawat Inap', 0.00, 'Belum Lunas'),
(97, 36, 5, '2024-04-08', 'Rawat Jalan', 0.00, 'Belum Lunas'),
(98, 87, 19, '2025-02-21', 'Rawat Inap', 0.00, 'Belum Lunas'),
(99, 15, 7, '2025-02-03', 'Rawat Jalan', 0.00, 'Belum Lunas'),
(100, 174, 4, '2025-04-25', 'Rawat Inap', 0.00, 'Belum Lunas'),
(101, 111, 12, '2024-02-08', 'Rawat Inap', 0.00, 'Belum Lunas'),
(102, 140, 11, '2024-11-30', 'Rawat Jalan', 0.00, 'Belum Lunas'),
(103, 52, 11, '2024-09-06', 'Rawat Jalan', 0.00, 'Belum Lunas'),
(104, 111, 9, '2024-09-14', 'Rawat Inap', 0.00, 'Belum Lunas'),
(105, 35, 9, '2024-02-27', 'Rawat Inap', 0.00, 'Belum Lunas'),
(106, 14, 7, '2024-07-23', 'Rawat Inap', 0.00, 'Belum Lunas'),
(107, 171, 11, '2024-08-27', 'Rawat Jalan', 0.00, 'Belum Lunas'),
(108, 131, 4, '2024-04-15', 'Rawat Jalan', 0.00, 'Belum Lunas'),
(109, 197, 15, '2025-03-02', 'Rawat Jalan', 0.00, 'Belum Lunas'),
(110, 182, 9, '2024-04-28', 'Rawat Inap', 0.00, 'Belum Lunas'),
(111, 89, 3, '2024-12-11', 'Rawat Inap', 0.00, 'Belum Lunas'),
(112, 22, 6, '2025-04-12', 'Rawat Jalan', 0.00, 'Belum Lunas'),
(113, 108, 7, '2025-04-12', 'Rawat Inap', 0.00, 'Belum Lunas'),
(114, 14, 16, '2024-11-15', 'Rawat Inap', 0.00, 'Belum Lunas'),
(115, 70, 7, '2024-04-13', 'Rawat Inap', 0.00, 'Belum Lunas'),
(116, 87, 20, '2024-05-03', 'Rawat Inap', 0.00, 'Belum Lunas'),
(117, 171, 7, '2024-11-09', 'Rawat Jalan', 0.00, 'Belum Lunas'),
(118, 155, 5, '2024-03-14', 'Rawat Inap', 0.00, 'Belum Lunas'),
(119, 81, 16, '2024-09-30', 'Rawat Jalan', 0.00, 'Belum Lunas'),
(120, 28, 4, '2025-04-10', 'Rawat Jalan', 0.00, 'Belum Lunas'),
(121, 95, 1, '2024-08-31', 'Rawat Jalan', 0.00, 'Belum Lunas'),
(122, 71, 3, '2024-10-10', 'Rawat Jalan', 0.00, 'Belum Lunas'),
(123, 23, 16, '2024-05-01', 'Rawat Inap', 0.00, 'Belum Lunas'),
(124, 107, 1, '2024-10-15', 'Rawat Inap', 0.00, 'Belum Lunas'),
(125, 192, 2, '2025-04-08', 'Rawat Jalan', 0.00, 'Belum Lunas'),
(126, 85, 17, '2025-05-01', 'Rawat Jalan', 0.00, 'Belum Lunas'),
(127, 192, 20, '2024-02-14', 'Rawat Inap', 0.00, 'Belum Lunas'),
(128, 179, 5, '2025-01-20', 'Rawat Jalan', 0.00, 'Belum Lunas'),
(129, 132, 2, '2024-12-13', 'Rawat Inap', 0.00, 'Belum Lunas'),
(130, 54, 12, '2024-11-02', 'Rawat Jalan', 0.00, 'Belum Lunas'),
(131, 192, 9, '2025-02-13', 'Rawat Inap', 0.00, 'Belum Lunas'),
(132, 35, 2, '2024-06-19', 'Rawat Inap', 0.00, 'Belum Lunas'),
(133, 177, 13, '2024-04-25', 'Rawat Inap', 0.00, 'Belum Lunas'),
(134, 9, 15, '2024-03-30', 'Rawat Jalan', 0.00, 'Belum Lunas'),
(135, 152, 11, '2024-06-11', 'Rawat Jalan', 0.00, 'Belum Lunas'),
(136, 192, 18, '2024-06-09', 'Rawat Jalan', 0.00, 'Belum Lunas'),
(137, 79, 13, '2024-04-10', 'Rawat Jalan', 0.00, 'Belum Lunas'),
(138, 127, 20, '2025-01-19', 'Rawat Inap', 0.00, 'Belum Lunas'),
(139, 111, 4, '2024-05-04', 'Rawat Jalan', 0.00, 'Belum Lunas'),
(140, 110, 4, '2024-04-23', 'Rawat Inap', 0.00, 'Belum Lunas'),
(141, 166, 2, '2025-05-01', 'Rawat Inap', 0.00, 'Belum Lunas'),
(142, 122, 13, '2024-09-23', 'Rawat Jalan', 0.00, 'Belum Lunas'),
(143, 57, 6, '2024-05-13', 'Rawat Jalan', 0.00, 'Belum Lunas'),
(144, 57, 3, '2024-05-31', 'Rawat Jalan', 0.00, 'Belum Lunas'),
(145, 90, 18, '2024-10-23', 'Rawat Jalan', 0.00, 'Belum Lunas'),
(146, 11, 3, '2024-11-15', 'Rawat Inap', 0.00, 'Belum Lunas'),
(147, 38, 3, '2024-09-09', 'Rawat Jalan', 0.00, 'Belum Lunas'),
(148, 27, 6, '2025-04-29', 'Rawat Jalan', 0.00, 'Belum Lunas'),
(149, 117, 6, '2024-01-29', 'Rawat Jalan', 0.00, 'Belum Lunas'),
(150, 79, 17, '2024-02-26', 'Rawat Jalan', 0.00, 'Belum Lunas'),
(151, 188, 11, '2024-12-27', 'Rawat Jalan', 0.00, 'Belum Lunas'),
(152, 182, 10, '2024-09-30', 'Rawat Inap', 0.00, 'Belum Lunas'),
(153, 102, 16, '2025-02-24', 'Rawat Inap', 0.00, 'Belum Lunas'),
(154, 138, 9, '2024-10-14', 'Rawat Inap', 0.00, 'Belum Lunas'),
(155, 14, 12, '2024-03-18', 'Rawat Jalan', 0.00, 'Belum Lunas'),
(156, 53, 3, '2024-09-29', 'Rawat Inap', 0.00, 'Belum Lunas'),
(157, 151, 1, '2025-01-10', 'Rawat Jalan', 0.00, 'Belum Lunas'),
(158, 99, 11, '2024-04-13', 'Rawat Jalan', 0.00, 'Belum Lunas'),
(159, 44, 3, '2025-04-14', 'Rawat Jalan', 0.00, 'Belum Lunas'),
(160, 58, 4, '2024-02-16', 'Rawat Inap', 0.00, 'Belum Lunas'),
(161, 32, 16, '2024-11-24', 'Rawat Inap', 0.00, 'Belum Lunas'),
(162, 92, 2, '2024-08-02', 'Rawat Inap', 0.00, 'Belum Lunas'),
(163, 42, 9, '2024-09-09', 'Rawat Jalan', 0.00, 'Belum Lunas'),
(164, 6, 9, '2024-10-15', 'Rawat Jalan', 0.00, 'Belum Lunas'),
(165, 60, 6, '2025-03-12', 'Rawat Jalan', 0.00, 'Belum Lunas'),
(166, 194, 1, '2024-06-19', 'Rawat Jalan', 0.00, 'Belum Lunas'),
(167, 44, 8, '2024-10-04', 'Rawat Inap', 0.00, 'Belum Lunas'),
(168, 130, 11, '2024-12-09', 'Rawat Inap', 0.00, 'Belum Lunas'),
(169, 41, 9, '2024-07-06', 'Rawat Inap', 0.00, 'Belum Lunas'),
(170, 4, 20, '2024-08-22', 'Rawat Inap', 0.00, 'Belum Lunas'),
(171, 140, 7, '2024-01-31', 'Rawat Jalan', 0.00, 'Belum Lunas'),
(172, 26, 18, '2024-09-23', 'Rawat Inap', 0.00, 'Belum Lunas'),
(173, 108, 1, '2024-04-22', 'Rawat Inap', 0.00, 'Belum Lunas'),
(174, 187, 17, '2025-02-11', 'Rawat Inap', 0.00, 'Belum Lunas'),
(175, 77, 17, '2024-08-09', 'Rawat Inap', 0.00, 'Belum Lunas'),
(176, 50, 3, '2025-04-02', 'Rawat Inap', 0.00, 'Belum Lunas'),
(177, 106, 20, '2025-04-13', 'Rawat Inap', 0.00, 'Belum Lunas'),
(178, 111, 14, '2025-02-14', 'Rawat Inap', 0.00, 'Belum Lunas'),
(179, 18, 17, '2024-11-13', 'Rawat Jalan', 0.00, 'Belum Lunas'),
(180, 115, 8, '2024-02-10', 'Rawat Inap', 0.00, 'Belum Lunas'),
(181, 33, 16, '2025-03-02', 'Rawat Jalan', 0.00, 'Belum Lunas'),
(182, 84, 13, '2024-07-19', 'Rawat Inap', 0.00, 'Belum Lunas'),
(183, 134, 4, '2024-01-14', 'Rawat Inap', 0.00, 'Belum Lunas'),
(184, 116, 10, '2024-11-24', 'Rawat Inap', 0.00, 'Belum Lunas'),
(185, 100, 12, '2024-12-11', 'Rawat Jalan', 0.00, 'Belum Lunas'),
(186, 98, 2, '2024-02-20', 'Rawat Jalan', 0.00, 'Belum Lunas'),
(187, 52, 6, '2024-10-20', 'Rawat Jalan', 0.00, 'Belum Lunas'),
(188, 54, 19, '2024-01-05', 'Rawat Jalan', 0.00, 'Belum Lunas'),
(189, 117, 15, '2024-03-01', 'Rawat Jalan', 0.00, 'Belum Lunas'),
(190, 191, 1, '2025-01-30', 'Rawat Inap', 0.00, 'Belum Lunas'),
(191, 23, 10, '2025-04-14', 'Rawat Jalan', 0.00, 'Belum Lunas'),
(192, 172, 11, '2025-01-18', 'Rawat Jalan', 0.00, 'Belum Lunas'),
(193, 200, 14, '2025-03-01', 'Rawat Jalan', 0.00, 'Belum Lunas'),
(194, 67, 2, '2024-12-29', 'Rawat Inap', 0.00, 'Belum Lunas'),
(195, 173, 6, '2025-03-10', 'Rawat Jalan', 0.00, 'Belum Lunas'),
(196, 31, 8, '2024-01-13', 'Rawat Jalan', 0.00, 'Belum Lunas'),
(197, 174, 7, '2024-10-28', 'Rawat Jalan', 0.00, 'Belum Lunas'),
(198, 127, 14, '2025-02-17', 'Rawat Jalan', 0.00, 'Belum Lunas'),
(199, 155, 18, '2024-05-20', 'Rawat Inap', 0.00, 'Belum Lunas'),
(200, 175, 4, '2025-04-27', 'Rawat Inap', 0.00, 'Belum Lunas');

-- --------------------------------------------------------

--
-- Table structure for table `fakta_tindakan`
--

CREATE TABLE `fakta_tindakan` (
  `id_tindakan` int(11) NOT NULL,
  `id_perawatan` int(11) DEFAULT NULL,
  `nama_tindakan` varchar(100) DEFAULT NULL,
  `biaya` decimal(10,2) DEFAULT NULL
) ENGINE=InnoDB DEFAULT CHARSET=utf8mb4 COLLATE=utf8mb4_general_ci;

--
-- Dumping data for table `fakta_tindakan`
--

INSERT INTO `fakta_tindakan` (`id_tindakan`, `id_perawatan`, `nama_tindakan`, `biaya`) VALUES
(1, 0, 'nama_tindakan', 0.00),
(2, 1, 'Operasi Caesar', 200000.00),
(3, 1, 'Pemeriksaan Jantung', 1500000.00),
(4, 1, 'CT Scan', 500000.00),
(5, 2, 'USG', 500000.00),
(6, 3, 'CT Scan', 1500000.00),
(7, 4, 'Operasi Usus Buntu', 1500000.00),
(8, 4, 'CT Scan', 200000.00),
(9, 4, 'Operasi Usus Buntu', 6000000.00),
(10, 5, 'Operasi Caesar', 500000.00),
(11, 5, 'Pemeriksaan Jantung', 200000.00),
(12, 5, 'CT Scan', 1500000.00),
(13, 6, 'CT Scan', 250000.00),
(14, 7, 'Pemeriksaan Jantung', 500000.00),
(15, 8, 'Pemeriksaan Jantung', 200000.00),
(16, 8, 'X-Ray', 200000.00),
(17, 9, 'Operasi Usus Buntu', 3000000.00),
(18, 10, 'Operasi Caesar', 3000000.00),
(19, 10, 'Pemeriksaan Darah', 6000000.00),
(20, 10, 'USG', 200000.00),
(21, 11, 'Pemeriksaan Umum', 500000.00),
(22, 12, 'CT Scan', 6000000.00),
(23, 12, 'Operasi Usus Buntu', 6000000.00),
(24, 12, 'CT Scan', 6000000.00),
(25, 13, 'Operasi Usus Buntu', 200000.00),
(26, 13, 'USG', 3000000.00),
(27, 14, 'Operasi Caesar', 500000.00),
(28, 14, 'Operasi Usus Buntu', 250000.00),
(29, 15, 'Operasi Usus Buntu', 200000.00),
(30, 16, 'USG', 250000.00),
(31, 16, 'X-Ray', 200000.00),
(32, 17, 'Pemeriksaan Umum', 3000000.00),
(33, 17, 'USG', 150000.00),
(34, 18, 'X-Ray', 150000.00),
(35, 18, 'Operasi Caesar', 500000.00),
(36, 19, 'Pemeriksaan Jantung', 1500000.00),
(37, 19, 'Operasi Usus Buntu', 3000000.00),
(38, 19, 'USG', 1500000.00),
(39, 20, 'CT Scan', 1500000.00),
(40, 20, 'Operasi Usus Buntu', 150000.00),
(41, 20, 'Pemeriksaan Jantung', 250000.00),
(42, 21, 'X-Ray', 200000.00),
(43, 21, 'CT Scan', 6000000.00),
(44, 21, 'Pemeriksaan Jantung', 250000.00),
(45, 22, 'Pemeriksaan Darah', 1500000.00),
(46, 22, 'Pemeriksaan Darah', 3000000.00),
(47, 23, 'USG', 250000.00),
(48, 24, 'X-Ray', 500000.00),
(49, 25, 'Operasi Caesar', 200000.00),
(50, 25, 'Pemeriksaan Umum', 250000.00),
(51, 26, 'Pemeriksaan Darah', 500000.00),
(52, 27, 'Operasi Caesar', 200000.00),
(53, 27, 'Pemeriksaan Umum', 6000000.00),
(54, 28, 'Pemeriksaan Umum', 500000.00),
(55, 29, 'CT Scan', 150000.00),
(56, 29, 'Pemeriksaan Darah', 200000.00),
(57, 30, 'Pemeriksaan Darah', 3000000.00),
(58, 30, 'USG', 6000000.00),
(59, 30, 'USG', 150000.00),
(60, 31, 'Operasi Caesar', 150000.00),
(61, 31, 'Operasi Usus Buntu', 500000.00),
(62, 32, 'CT Scan', 200000.00),
(63, 32, 'CT Scan', 3000000.00),
(64, 32, 'Operasi Caesar', 1500000.00),
(65, 33, 'X-Ray', 150000.00),
(66, 34, 'X-Ray', 500000.00),
(67, 35, 'USG', 250000.00),
(68, 36, 'Pemeriksaan Umum', 6000000.00),
(69, 36, 'CT Scan', 150000.00),
(70, 37, 'Pemeriksaan Darah', 200000.00),
(71, 37, 'X-Ray', 6000000.00),
(72, 37, 'USG', 3000000.00),
(73, 38, 'CT Scan', 250000.00),
(74, 38, 'Pemeriksaan Umum', 150000.00),
(75, 39, 'USG', 250000.00),
(76, 39, 'Pemeriksaan Jantung', 6000000.00),
(77, 39, 'USG', 200000.00),
(78, 40, 'Pemeriksaan Umum', 200000.00),
(79, 40, 'Pemeriksaan Jantung', 200000.00),
(80, 41, 'CT Scan', 6000000.00),
(81, 42, 'Operasi Usus Buntu', 6000000.00),
(82, 42, 'X-Ray', 250000.00),
(83, 42, 'Operasi Usus Buntu', 6000000.00),
(84, 43, 'USG', 1500000.00),
(85, 43, 'Pemeriksaan Darah', 150000.00),
(86, 43, 'CT Scan', 6000000.00),
(87, 44, 'CT Scan', 250000.00),
(88, 44, 'X-Ray', 500000.00),
(89, 45, 'Pemeriksaan Darah', 500000.00),
(90, 46, 'CT Scan', 500000.00),
(91, 46, 'USG', 500000.00),
(92, 47, 'X-Ray', 250000.00),
(93, 48, 'Pemeriksaan Jantung', 200000.00),
(94, 48, 'CT Scan', 3000000.00),
(95, 48, 'X-Ray', 250000.00),
(96, 49, 'USG', 150000.00),
(97, 49, 'Operasi Usus Buntu', 500000.00),
(98, 49, 'X-Ray', 200000.00),
(99, 50, 'Operasi Usus Buntu', 250000.00),
(100, 50, 'Pemeriksaan Jantung', 3000000.00),
(101, 50, 'Operasi Usus Buntu', 150000.00),
(102, 51, 'USG', 6000000.00),
(103, 51, 'CT Scan', 250000.00),
(104, 51, 'X-Ray', 1500000.00),
(105, 52, 'Operasi Caesar', 150000.00),
(106, 53, 'Operasi Caesar', 200000.00),
(107, 53, 'Operasi Usus Buntu', 6000000.00),
(108, 54, 'Pemeriksaan Umum', 200000.00),
(109, 55, 'Operasi Caesar', 200000.00),
(110, 56, 'Pemeriksaan Darah', 200000.00),
(111, 57, 'Pemeriksaan Darah', 200000.00),
(112, 57, 'Pemeriksaan Jantung', 6000000.00),
(113, 57, 'USG', 150000.00),
(114, 58, 'Operasi Usus Buntu', 500000.00),
(115, 58, 'Operasi Usus Buntu', 6000000.00),
(116, 59, 'CT Scan', 250000.00),
(117, 59, 'X-Ray', 6000000.00),
(118, 59, 'Pemeriksaan Umum', 250000.00),
(119, 60, 'X-Ray', 6000000.00),
(120, 60, 'Operasi Caesar', 6000000.00),
(121, 61, 'Operasi Usus Buntu', 150000.00),
(122, 61, 'Pemeriksaan Jantung', 150000.00),
(123, 62, 'Pemeriksaan Jantung', 500000.00),
(124, 63, 'Pemeriksaan Darah', 150000.00),
(125, 64, 'Operasi Caesar', 6000000.00),
(126, 64, 'Operasi Caesar', 500000.00),
(127, 64, 'CT Scan', 150000.00),
(128, 65, 'X-Ray', 3000000.00),
(129, 65, 'Pemeriksaan Jantung', 6000000.00),
(130, 65, 'USG', 500000.00),
(131, 66, 'USG', 150000.00),
(132, 66, 'Operasi Usus Buntu', 3000000.00),
(133, 66, 'Pemeriksaan Darah', 500000.00),
(134, 67, 'Pemeriksaan Jantung', 500000.00),
(135, 67, 'Pemeriksaan Darah', 3000000.00),
(136, 67, 'CT Scan', 200000.00),
(137, 68, 'Pemeriksaan Umum', 3000000.00),
(138, 68, 'USG', 500000.00),
(139, 69, 'Operasi Caesar', 1500000.00),
(140, 69, 'X-Ray', 150000.00),
(141, 70, 'Pemeriksaan Umum', 200000.00),
(142, 70, 'Pemeriksaan Darah', 3000000.00),
(143, 71, 'USG', 3000000.00),
(144, 72, 'CT Scan', 3000000.00),
(145, 73, 'USG', 200000.00),
(146, 73, 'X-Ray', 6000000.00),
(147, 74, 'Operasi Usus Buntu', 200000.00),
(148, 75, 'X-Ray', 1500000.00),
(149, 75, 'Operasi Usus Buntu', 3000000.00),
(150, 76, 'Pemeriksaan Umum', 200000.00),
(151, 77, 'X-Ray', 6000000.00),
(152, 78, 'CT Scan', 500000.00),
(153, 78, 'X-Ray', 6000000.00),
(154, 79, 'USG', 1500000.00),
(155, 80, 'Pemeriksaan Umum', 200000.00),
(156, 81, 'Pemeriksaan Umum', 1500000.00),
(157, 81, 'Operasi Usus Buntu', 1500000.00),
(158, 82, 'Operasi Usus Buntu', 500000.00),
(159, 83, 'Pemeriksaan Jantung', 3000000.00),
(160, 84, 'Operasi Usus Buntu', 1500000.00),
(161, 85, 'Pemeriksaan Umum', 200000.00),
(162, 85, 'Operasi Usus Buntu', 250000.00),
(163, 86, 'Operasi Caesar', 200000.00),
(164, 86, 'USG', 6000000.00),
(165, 87, 'Pemeriksaan Darah', 6000000.00),
(166, 87, 'Operasi Usus Buntu', 500000.00),
(167, 88, 'Operasi Caesar', 3000000.00),
(168, 88, 'CT Scan', 3000000.00),
(169, 89, 'Pemeriksaan Darah', 6000000.00),
(170, 89, 'CT Scan', 1500000.00),
(171, 90, 'Operasi Usus Buntu', 6000000.00),
(172, 90, 'Pemeriksaan Darah', 6000000.00),
(173, 91, 'CT Scan', 150000.00),
(174, 91, 'Operasi Caesar', 200000.00),
(175, 92, 'Pemeriksaan Umum', 3000000.00),
(176, 93, 'X-Ray', 200000.00),
(177, 94, 'Pemeriksaan Umum', 1500000.00),
(178, 94, 'Pemeriksaan Umum', 250000.00),
(179, 95, 'Pemeriksaan Darah', 1500000.00),
(180, 96, 'Operasi Usus Buntu', 150000.00),
(181, 96, 'Operasi Usus Buntu', 250000.00),
(182, 97, 'X-Ray', 200000.00),
(183, 98, 'USG', 500000.00),
(184, 98, 'X-Ray', 150000.00),
(185, 98, 'Operasi Caesar', 500000.00),
(186, 99, 'USG', 3000000.00),
(187, 99, 'USG', 200000.00),
(188, 99, 'USG', 250000.00),
(189, 100, 'Pemeriksaan Darah', 200000.00),
(190, 100, 'Pemeriksaan Darah', 150000.00),
(191, 101, 'Pemeriksaan Jantung', 6000000.00),
(192, 101, 'USG', 1500000.00),
(193, 102, 'X-Ray', 3000000.00),
(194, 102, 'CT Scan', 3000000.00),
(195, 103, 'Pemeriksaan Jantung', 1500000.00),
(196, 103, 'CT Scan', 3000000.00),
(197, 103, 'Pemeriksaan Umum', 1500000.00),
(198, 104, 'Pemeriksaan Darah', 200000.00),
(199, 104, 'Operasi Caesar', 6000000.00),
(200, 104, 'Operasi Usus Buntu', 500000.00),
(201, 105, 'Operasi Caesar', 3000000.00),
(202, 105, 'Pemeriksaan Darah', 1500000.00),
(203, 105, 'X-Ray', 150000.00),
(204, 106, 'X-Ray', 3000000.00),
(205, 106, 'USG', 6000000.00),
(206, 107, 'USG', 1500000.00),
(207, 108, 'USG', 6000000.00),
(208, 108, 'Operasi Caesar', 6000000.00),
(209, 109, 'X-Ray', 6000000.00),
(210, 110, 'Pemeriksaan Jantung', 200000.00),
(211, 111, 'Pemeriksaan Darah', 200000.00),
(212, 111, 'Pemeriksaan Umum', 500000.00),
(213, 112, 'Pemeriksaan Darah', 1500000.00),
(214, 112, 'Pemeriksaan Umum', 3000000.00),
(215, 113, 'Operasi Usus Buntu', 3000000.00),
(216, 113, 'Operasi Usus Buntu', 1500000.00),
(217, 113, 'Operasi Usus Buntu', 3000000.00),
(218, 114, 'Pemeriksaan Darah', 3000000.00),
(219, 114, 'Operasi Caesar', 150000.00),
(220, 115, 'Operasi Caesar', 500000.00),
(221, 116, 'X-Ray', 250000.00),
(222, 116, 'CT Scan', 3000000.00),
(223, 117, 'USG', 1500000.00),
(224, 117, 'Operasi Usus Buntu', 3000000.00),
(225, 118, 'Operasi Usus Buntu', 200000.00),
(226, 118, 'Operasi Caesar', 250000.00),
(227, 118, 'CT Scan', 250000.00),
(228, 119, 'Pemeriksaan Darah', 6000000.00),
(229, 120, 'Pemeriksaan Darah', 1500000.00),
(230, 120, 'Operasi Usus Buntu', 3000000.00),
(231, 121, 'Pemeriksaan Darah', 500000.00),
(232, 122, 'Pemeriksaan Umum', 500000.00),
(233, 122, 'Operasi Caesar', 1500000.00),
(234, 122, 'X-Ray', 200000.00),
(235, 123, 'USG', 3000000.00),
(236, 123, 'Pemeriksaan Umum', 150000.00),
(237, 124, 'Pemeriksaan Jantung', 250000.00),
(238, 125, 'Operasi Caesar', 500000.00),
(239, 125, 'Pemeriksaan Umum', 250000.00),
(240, 125, 'Operasi Usus Buntu', 200000.00),
(241, 126, 'Pemeriksaan Jantung', 1500000.00),
(242, 126, 'Pemeriksaan Umum', 500000.00),
(243, 126, 'Pemeriksaan Jantung', 500000.00),
(244, 127, 'USG', 200000.00),
(245, 127, 'Operasi Caesar', 3000000.00),
(246, 128, 'USG', 250000.00),
(247, 129, 'Operasi Caesar', 6000000.00),
(248, 129, 'CT Scan', 3000000.00),
(249, 130, 'Pemeriksaan Umum', 500000.00),
(250, 131, 'Pemeriksaan Umum', 500000.00),
(251, 131, 'Operasi Caesar', 500000.00),
(252, 132, 'Operasi Usus Buntu', 6000000.00),
(253, 133, 'CT Scan', 6000000.00),
(254, 133, 'Pemeriksaan Umum', 6000000.00),
(255, 133, 'Pemeriksaan Umum', 250000.00),
(256, 134, 'Pemeriksaan Jantung', 3000000.00),
(257, 134, 'Pemeriksaan Jantung', 6000000.00),
(258, 135, 'USG', 500000.00),
(259, 135, 'X-Ray', 3000000.00),
(260, 136, 'Pemeriksaan Jantung', 6000000.00),
(261, 136, 'Pemeriksaan Darah', 200000.00),
(262, 136, 'Pemeriksaan Jantung', 500000.00),
(263, 137, 'Operasi Usus Buntu', 250000.00),
(264, 138, 'Pemeriksaan Umum', 3000000.00),
(265, 139, 'Pemeriksaan Darah', 250000.00),
(266, 140, 'Operasi Usus Buntu', 3000000.00),
(267, 140, 'Operasi Caesar', 250000.00),
(268, 140, 'Operasi Caesar', 500000.00),
(269, 141, 'USG', 150000.00),
(270, 142, 'Pemeriksaan Darah', 200000.00),
(271, 143, 'Operasi Caesar', 500000.00),
(272, 143, 'Pemeriksaan Darah', 500000.00),
(273, 143, 'USG', 1500000.00),
(274, 144, 'Operasi Usus Buntu', 500000.00),
(275, 144, 'Pemeriksaan Darah', 1500000.00),
(276, 144, 'CT Scan', 500000.00),
(277, 145, 'Pemeriksaan Darah', 500000.00),
(278, 145, 'Operasi Caesar', 150000.00),
(279, 145, 'Pemeriksaan Umum', 200000.00),
(280, 146, 'Pemeriksaan Darah', 500000.00),
(281, 146, 'Pemeriksaan Jantung', 200000.00),
(282, 147, 'Pemeriksaan Umum', 1500000.00),
(283, 147, 'USG', 6000000.00),
(284, 147, 'Pemeriksaan Jantung', 500000.00),
(285, 148, 'Pemeriksaan Jantung', 1500000.00),
(286, 148, 'USG', 3000000.00),
(287, 148, 'Operasi Caesar', 3000000.00),
(288, 149, 'USG', 200000.00),
(289, 149, 'Pemeriksaan Umum', 200000.00),
(290, 149, 'Pemeriksaan Darah', 3000000.00),
(291, 150, 'X-Ray', 3000000.00),
(292, 150, 'USG', 500000.00),
(293, 151, 'Operasi Usus Buntu', 1500000.00),
(294, 151, 'Pemeriksaan Darah', 150000.00),
(295, 151, 'Operasi Usus Buntu', 150000.00),
(296, 152, 'Pemeriksaan Darah', 6000000.00),
(297, 152, 'USG', 200000.00),
(298, 153, 'Pemeriksaan Darah', 6000000.00),
(299, 153, 'USG', 500000.00),
(300, 153, 'CT Scan', 500000.00),
(301, 154, 'USG', 500000.00),
(302, 155, 'Pemeriksaan Darah', 150000.00),
(303, 156, 'Pemeriksaan Umum', 150000.00),
(304, 157, 'X-Ray', 500000.00),
(305, 158, 'X-Ray', 150000.00),
(306, 158, 'Pemeriksaan Umum', 3000000.00),
(307, 158, 'Pemeriksaan Umum', 150000.00),
(308, 159, 'Pemeriksaan Jantung', 500000.00),
(309, 159, 'Pemeriksaan Darah', 6000000.00),
(310, 160, 'Operasi Caesar', 6000000.00),
(311, 161, 'USG', 500000.00),
(312, 161, 'Pemeriksaan Darah', 1500000.00),
(313, 161, 'Operasi Caesar', 1500000.00),
(314, 162, 'Pemeriksaan Umum', 3000000.00),
(315, 163, 'Pemeriksaan Jantung', 200000.00),
(316, 163, 'X-Ray', 3000000.00),
(317, 164, 'CT Scan', 150000.00),
(318, 164, 'Operasi Caesar', 200000.00),
(319, 165, 'Pemeriksaan Darah', 250000.00),
(320, 166, 'X-Ray', 250000.00),
(321, 166, 'Pemeriksaan Jantung', 150000.00),
(322, 167, 'USG', 150000.00),
(323, 167, 'Operasi Caesar', 150000.00),
(324, 168, 'Pemeriksaan Jantung', 200000.00),
(325, 168, 'CT Scan', 150000.00),
(326, 169, 'CT Scan', 3000000.00),
(327, 169, 'Pemeriksaan Umum', 3000000.00),
(328, 169, 'Pemeriksaan Darah', 200000.00),
(329, 170, 'Operasi Caesar', 250000.00),
(330, 171, 'Pemeriksaan Darah', 500000.00),
(331, 171, 'USG', 250000.00),
(332, 171, 'Pemeriksaan Jantung', 150000.00),
(333, 172, 'USG', 3000000.00),
(334, 173, 'Pemeriksaan Umum', 6000000.00),
(335, 174, 'Pemeriksaan Umum', 500000.00),
(336, 174, 'X-Ray', 250000.00),
(337, 175, 'Operasi Caesar', 1500000.00),
(338, 175, 'Operasi Caesar', 250000.00),
(339, 176, 'Operasi Usus Buntu', 200000.00),
(340, 176, 'CT Scan', 3000000.00),
(341, 176, 'USG', 200000.00),
(342, 177, 'Pemeriksaan Jantung', 500000.00),
(343, 177, 'Pemeriksaan Darah', 250000.00),
(344, 178, 'X-Ray', 150000.00),
(345, 178, 'USG', 3000000.00),
(346, 179, 'CT Scan', 6000000.00),
(347, 179, 'Pemeriksaan Jantung', 1500000.00),
(348, 180, 'Pemeriksaan Jantung', 250000.00),
(349, 180, 'X-Ray', 6000000.00),
(350, 181, 'X-Ray', 150000.00),
(351, 182, 'Pemeriksaan Umum', 1500000.00),
(352, 182, 'Operasi Caesar', 1500000.00),
(353, 183, 'Operasi Usus Buntu', 6000000.00),
(354, 183, 'X-Ray', 500000.00),
(355, 184, 'Operasi Usus Buntu', 250000.00),
(356, 184, 'USG', 150000.00),
(357, 185, 'CT Scan', 150000.00),
(358, 185, 'CT Scan', 1500000.00),
(359, 186, 'Pemeriksaan Jantung', 500000.00),
(360, 187, 'X-Ray', 150000.00),
(361, 187, 'Pemeriksaan Darah', 250000.00),
(362, 187, 'Pemeriksaan Jantung', 500000.00),
(363, 188, 'CT Scan', 150000.00),
(364, 188, 'Operasi Usus Buntu', 250000.00),
(365, 188, 'USG', 150000.00),
(366, 189, 'Operasi Caesar', 250000.00),
(367, 189, 'Pemeriksaan Umum', 250000.00),
(368, 189, 'X-Ray', 500000.00),
(369, 190, 'Pemeriksaan Umum', 150000.00),
(370, 190, 'Pemeriksaan Jantung', 500000.00),
(371, 190, 'CT Scan', 500000.00),
(372, 191, 'CT Scan', 500000.00),
(373, 191, 'USG', 6000000.00),
(374, 191, 'Operasi Caesar', 200000.00),
(375, 192, 'Pemeriksaan Jantung', 250000.00),
(376, 192, 'Operasi Usus Buntu', 1500000.00),
(377, 192, 'Pemeriksaan Umum', 250000.00),
(378, 193, 'X-Ray', 1500000.00),
(379, 194, 'Pemeriksaan Darah', 500000.00),
(380, 194, 'X-Ray', 3000000.00),
(381, 194, 'USG', 3000000.00),
(382, 195, 'Pemeriksaan Umum', 150000.00),
(383, 195, 'Pemeriksaan Darah', 3000000.00),
(384, 195, 'CT Scan', 200000.00),
(385, 196, 'USG', 250000.00),
(386, 197, 'Pemeriksaan Jantung', 6000000.00),
(387, 197, 'Operasi Usus Buntu', 150000.00),
(388, 198, 'X-Ray', 250000.00),
(389, 198, 'Pemeriksaan Jantung', 250000.00),
(390, 199, 'Pemeriksaan Jantung', 1500000.00),
(391, 199, 'Pemeriksaan Umum', 200000.00),
(392, 200, 'Operasi Usus Buntu', 3000000.00),
(393, 200, 'CT Scan', 250000.00),
(394, 200, 'Pemeriksaan Jantung', 3000000.00);

--
-- Indexes for dumped tables
--

--
-- Indexes for table `dim_dokter`
--
ALTER TABLE `dim_dokter`
  ADD PRIMARY KEY (`id_dokter`);

--
-- Indexes for table `dim_obat`
--
ALTER TABLE `dim_obat`
  ADD PRIMARY KEY (`kode_obat`);

--
-- Indexes for table `dim_pasien`
--
ALTER TABLE `dim_pasien`
  ADD PRIMARY KEY (`id_pasien`);

--
-- Indexes for table `dim_tindakan`
--
ALTER TABLE `dim_tindakan`
  ADD PRIMARY KEY (`nama_tindakan`);

--
-- Indexes for table `fakta_obat`
--
ALTER TABLE `fakta_obat`
  ADD PRIMARY KEY (`id_obat_transaksi`),
  ADD KEY `id_pasien` (`id_pasien`),
  ADD KEY `kode_obat` (`kode_obat`);

--
-- Indexes for table `fakta_perawatan`
--
ALTER TABLE `fakta_perawatan`
  ADD PRIMARY KEY (`id_perawatan`),
  ADD KEY `id_pasien` (`id_pasien`),
  ADD KEY `id_dokter` (`id_dokter`);

--
-- Indexes for table `fakta_tindakan`
--
ALTER TABLE `fakta_tindakan`
  ADD PRIMARY KEY (`id_tindakan`),
  ADD KEY `id_perawatan` (`id_perawatan`),
  ADD KEY `nama_tindakan` (`nama_tindakan`);

--
-- AUTO_INCREMENT for dumped tables
--

--
-- AUTO_INCREMENT for table `fakta_tindakan`
--
ALTER TABLE `fakta_tindakan`
  MODIFY `id_tindakan` int(11) NOT NULL AUTO_INCREMENT, AUTO_INCREMENT=395;

--
-- Constraints for dumped tables
--

--
-- Constraints for table `fakta_obat`
--
ALTER TABLE `fakta_obat`
  ADD CONSTRAINT `fakta_obat_ibfk_1` FOREIGN KEY (`id_pasien`) REFERENCES `dim_pasien` (`id_pasien`),
  ADD CONSTRAINT `fakta_obat_ibfk_2` FOREIGN KEY (`kode_obat`) REFERENCES `dim_obat` (`kode_obat`);

--
-- Constraints for table `fakta_perawatan`
--
ALTER TABLE `fakta_perawatan`
  ADD CONSTRAINT `fakta_perawatan_ibfk_1` FOREIGN KEY (`id_pasien`) REFERENCES `dim_pasien` (`id_pasien`),
  ADD CONSTRAINT `fakta_perawatan_ibfk_2` FOREIGN KEY (`id_dokter`) REFERENCES `dim_dokter` (`id_dokter`);

--
-- Constraints for table `fakta_tindakan`
--
ALTER TABLE `fakta_tindakan`
  ADD CONSTRAINT `fakta_tindakan_ibfk_1` FOREIGN KEY (`id_perawatan`) REFERENCES `fakta_perawatan` (`id_perawatan`),
  ADD CONSTRAINT `fakta_tindakan_ibfk_2` FOREIGN KEY (`nama_tindakan`) REFERENCES `dim_tindakan` (`nama_tindakan`);
COMMIT;

/*!40101 SET CHARACTER_SET_CLIENT=@OLD_CHARACTER_SET_CLIENT */;
/*!40101 SET CHARACTER_SET_RESULTS=@OLD_CHARACTER_SET_RESULTS */;
/*!40101 SET COLLATION_CONNECTION=@OLD_COLLATION_CONNECTION */;
